{"cameraMode":{"drawMode":0,"name":"Shaded","section":"Shading Mode"},"sceneLighting":true,"audioPlay":false,"sceneViewState":{"m_AlwaysRefresh":false,"showFog":true,"showSkybox":true,"showFlares":true,"showImageEffects":true,"showParticleSystems":true,"showVisualEffectGraphs":true,"m_FxEnabled":true},"in2DMode":false,"pivot":{"x":-0.20525503158569337,"y":58.400001525878909,"z":-3003.488037109375},"rotation":{"x":0.3334178924560547,"y":-0.2593637704849243,"z":0.09596110880374909,"w":0.9013356566429138},"size":0.8660253882408142,"orthographic":false}